autoid,trajectory_id,connection_timestamp,connection_location,connection_location_wkt,antenna_id,cgi_hex,antenna_location,antenna_location_wkt
655,92,2020-01-13T09:32:00,01010000002AF64E77A46A0A41CBE4F7E4BEB72641,POINT(216404.558256076 744415.447203779),UNE4304Y,4250127A9DFAF,0101000020F707000029AE6BAE362B0A41DB1DFCDE7D802641,POINT(214374.835166321 737342.935517247)
656,92,2020-01-13T09:37:17,0101000000CA864784830F0A4147F220A9BDB42641,POINT(213488.439589551 744030.830329486),UNE1823X,4250127A9473D,0101000020F7070000841238A973020A41AB203D2B156F2641,POINT(213070.457626481 735114.584450742)
657,92,2020-01-13T09:42:33,0101000000F688AD29B8AB0941D32D31ABD8A02641,POINT(210295.020350523 741484.334359581),UNN0532W,4250127AA14CE,0101000020F70700006B6BC36EDAC009418CC714EE0DCE2641,POINT(210971.304083671 747270.965002285)
658,92,2020-01-13T09:46:18,0101000000BB277C93985509414566C1AC65972641,POINT(207539.072014151 740274.837413021),UNC4347W,4250127A7A9D4,0101000020F7070000ECB26383DE710841BD1F7EC239B32641,POINT(200251.814155004 743836.8798685)
659,92,2020-01-13T10:00:42,010100000055CE4EEE8DA709416822FA9247452641,POINT(210161.741361248 729763.787064624),UIN0719X,4250127A91C1D,0101000020F707000068E2A777139E0941865E01CC91422641,POINT(209858.433425683 729416.898447946)
660,92,2020-01-13T10:05:25,010100000062007173394A0941BB5161B729332641,POINT(207175.181367877 727444.858164362),UNE4001S,4250127899C4C,0101000020F70700006AD7F0B3D23F0A415E58FFCC5A162641,POINT(215034.337861712 723757.400385629)
661,92,2020-01-13T10:08:07,0101000000F5EE395FEE2409415A535BD354262641,POINT(205981.796497218 725802.412806134),UNC4219X,4250127A9A4D5,0101000020F707000069E4F99885930941F2EC81477C422641,POINT(209520.699695382 729406.139663128)
662,92,2020-01-13T10:10:50,01010000002D1A65E77DFE08410A053F54F5172641,POINT(204751.737985806 723962.664543302),UNC4872T,4250127A9BE53,0101000020F7070000FBC694390D090941E642177E67642641,POINT(205089.653115801 733747.74627122)
663,92,2020-01-13T10:16:36,010100000042DCF82AA1ED0841BD2438D64FF42541,POINT(204212.145982476 719399.918397091),UNS1802J,4250127C6466D,0101000020F7070000C9093A68FEB209412646DF1952BB2541,POINT(210527.800891949 712105.050531571)
664,92,2020-01-13T10:18:56,0101000000731AB656F2CE084169A7959FCAE72541,POINT(203230.292339522 717797.311688644),UNS1708J,4250127C642C1,0101000020F7070000A0A93628BA370841C67AB28116AB2541,POINT(198391.269635511 710027.253314816)
665,92,2020-01-13T10:25:55,0101000000DCE48AA356C00841E1FA8C8B98BB2541,POINT(202762.829854763 712140.272559967),UNS4457K,4250127C6AE1A,0101000020F7070000780448AD44A307418744B6F223D82541,POINT(193640.584610019 715793.974046842)
666,92,2020-01-13T10:34:33,0101000000C997F203C2D60841EE2DC1F122872541,POINT(203480.251927553 705425.472176967),UMN4573I,4250127C5B2AA,0101000020F707000045FFD3CA7DED084138C0273C64712541,POINT(204207.724037165 702642.117490775)
667,92,2020-01-13T10:41:07,0101000000B8AFE73532AC084144F3ECBE42602541,POINT(202118.276320813 700449.372901537),UNS4317X,4250127C6A8A9,0101000020F70700006F1081A74D0A0841EDF086380F962541,POINT(196937.706789139 707335.610404519)
668,92,2020-01-13T10:41:39,0101000000CF3D981EA0AB0841586913E5D35C2541,POINT(202100.014938815 700009.947413723),UNS4353S,4250127C5AA0C,0101000020F70700007F454AE315EA0841AEC3532F26552541,POINT(204098.735981505 699027.092435946)
669,92,2020-01-13T11:00:44,0101000000EEB414F8045208411530179518E82441,POINT(199232.621133245 685068.291192534),UNS4198V,4250127C5A401,0101000020F70700004C3AB41AD5980841CA051F3BB01E2541,POINT(201498.63803907 692056.115471059)
670,92,2020-01-13T11:04:21,010100000023CB93E18233084176D398A439D22441,POINT(198256.360145175 682268.82147847),UNS3503S,4250127C588D8,0101000020F707000067B75E8A944F0841CA76A88FAED72441,POINT(199154.56756347 682967.280582153)
671,92,2020-01-13T11:12:26,0101000000999887D87E9407417CEF49FABBBC2441,POINT(193167.855727379 679517.988845333),UIN6427I,4250127C5FB16,0101000020F7070000EF27271760D6064189D8D4A81FF52441,POINT(187084.011305153 686735.829748885)
672,92,2020-01-13T11:17:26,0101000000327E54FE51410741BFF0BCFA92A42441,POINT(190506.249184595 676425.489722751),UWE3676V,4250127398F9D,0101000020F7070000F222D60A164A0741EF4FE6A26B8D2441,POINT(190786.755291245 673461.818163393)
673,92,2020-01-13T11:18:29,01010000003D1C2710E22E07415F8A61BB9D9F2441,POINT(189916.257887097 675790.86597855),UWE6548I,4250127D2FFD0,0101000020F7070000C3D153B7949B06417D2490BEEF782441,POINT(185202.589515342 670839.87219347)
674,92,2020-01-13T11:23:28,01010000001D92431401FB0641FBAA43410F852441,POINT(188256.134894506 672391.62746939),UTN0176T,42501279306E3,0101000020F7070000E22C04EF422B0641E40174D288A22441,POINT(181608.366707183 676164.411041316)
675,92,2020-01-13T11:30:43,0101000000A297AF99D4AE0641397AC2F3B35F2441,POINT(185818.575041947 667609.97609312),UWE0135V,4250127BB054B,0101000020F7070000744081E79D0F064121E5E11748322441,POINT(180723.738039497 661796.046645317)
676,92,2020-01-13T11:32:02,010100000027EF3738D9A70641100EE431A4572441,POINT(185595.152450436 666578.097443046),UWE3621K,4250127ED8D72,0101000020F7070000404FC329F6CB0641525C09CB9F1E2441,POINT(186750.770392055 659279.896555791)
677,92,2020-01-13T11:37:24,01010000007B8A7C14778406417D54895EF7362441,POINT(184462.885003168 662395.684641495),UWE3294S,42501274480AE,0101000020F7070000BCF19065562A06411E227FDA4BED2341,POINT(181578.799592866 652965.9267512)
678,92,2020-01-13T11:40:21,0101000000391EE528E0750641EC40245CBA242441,POINT(183996.019968258 660061.179964093),UWE3014V,4250127D175C1,0101000020F70700005091B8FD006406418A00E5DF6F452441,POINT(183424.123887191 664247.937294022)
951,102,2020-01-13T07:02:00,01010000002AF64E77A46A0A41CBE4F7E4BEB72641,POINT(216404.558256076 744415.447203779),UNN0546R,4250127A81555,0101000020F7070000ED4A532E6F630941FF6BEC4559BF2641,POINT(207981.897619806 745388.636569381)
952,102,2020-01-13T07:03:48,01010000005C5BF9768A3F0A411638BDF27DBF2641,POINT(215025.308092798 745406.974099877),UNN4171R,4250127AAA2EF,0101000020F7070000AC4F4B7B8CC909410EC904F3D6B42641,POINT(211249.560202238 744043.474645884)
953,102,2020-01-13T07:07:00,01010000002BCECF9B840B0A41E6A51E97CFB12641,POINT(213360.576079951 743655.795155701),UNC4108R,4250127A8A079,0101000020F70700003BDB5184B43109411A9F0568BCC42641,POINT(206390.564609254 746078.203167889)
954,102,2020-01-13T07:08:16,010100000040A1489A6BF6094119DD44BE28AA2641,POINT(212685.450333843 742676.371619138),UNE4597I,4250127A9B39A,0101000020F70700001BD5A7735DF20941DD6275C022792641,POINT(212555.681472459 736401.375895586)
955,102,2020-01-13T07:09:18,0101000000805A8BFDFDDD09419B398CC39FA52641,POINT(211903.748800952 742095.881929207),UNC4105R,4250127A8A05B,0101000020F70700008929C05B896B0941F27DD2665CEB2641,POINT(208241.169800114 751022.200824676)
956,102,2020-01-13T07:11:13,01010000002A69199BA8A90941EB313B38D2A02641,POINT(210229.075732061 741481.109826622),UNC4738I,4250127A8B91C,0101000020F70700008A77753BFE7509414DFC606F76DA2641,POINT(208575.779032644 748859.217536816)
957,102,2020-01-13T07:24:18,0101000000C1B03B225CA709410578382044572641,POINT(210155.516715413 732066.062930823),UNN4303W,4250127A7A81C,0101000020F707000052565832F66409417E187DCFB38D2641,POINT(208030.774582552 739033.905251279)
958,102,2020-01-13T07:24:51,01010000004C670ED608A60941ADBED6CF4F532641,POINT(210113.10451966 731559.905935248),UNC1817J,4250127A94703,0101000020F7070000FA47E77671A30941DC8E47F7645A2641,POINT(210030.183058321 732466.48296782)
959,102,2020-01-13T07:28:53,0101000000E7DC4BF41D7A094181F71923843C2641,POINT(208707.744285322 728642.068557486),UMN4599R,4250127A9B3A7,0101000020F7070000C9DCBE73CE2009410AFF308FDC672641,POINT(205849.806516385 734190.279670687)
960,102,2020-01-13T07:35:43,0101000000CB46F90B09FE08419DA64BBFBE172641,POINT(204737.130846551 723935.373624045),UNO4367W,4250127C6AA9C,0101000020F707000001F03D65817209418B4CC1B32A192641,POINT(208464.174434543 724117.351084129)
961,102,2020-01-13T07:43:45,01010000004A7E360D3CCD08413BD627B229E02541,POINT(203175.506451594 716820.847960181),UNC1715T,4250127C54301,0101000020F70700009232DBF463F507413F8F13C991EF2541,POINT(196268.494558711 718792.892727353)
962,102,2020-01-13T07:48:27,0101000000926FBEE2C8C008415216743614BE2541,POINT(202777.11071479 712458.106354425),UNS4203I,4250127C6A436,0101000020F70700009EDF3B190B360841D7E6F1CE87912541,POINT(198337.387321231 706755.904189314)
963,102,2020-01-13T07:55:28,01010000006E1202604BDC0841B0D96991B48C2541,POINT(203657.421878952 706138.284010699),UNS4440K,4250127C6AD70,0101000020F70700004E64B4F1CE3808416FF1DE36E99F2541,POINT(198425.868019851 708596.607169671)
964,102,2020-01-13T08:04:01,0101000000D3608A96C2A3084180B77D8055512541,POINT(201848.323506123 698538.750959143),UNS4488V,4250127C6AF55,0101000020F7070000E2EB4663BBD90841F866B61B9D952541,POINT(203575.423475116 707278.554125994)
965,102,2020-01-13T08:09:27,01010000003436BDC9CD8908418E4862D99C2A2541,POINT(201017.723505424 693582.424577968),UNS4493W,4250127C5AF88,0101000020F70700004D271C0DCDA708412B873C26DE6D2541,POINT(201977.631401355 702191.074680542)
966,102,2020-01-13T08:14:37,0101000000B68B5CA42A8808416A16B4EE3E052541,POINT(200965.330254642 688799.466217709),UNS3798J,4250127C59465,0101000020F707000010A47C07193A0841C076BCE84AFD2441,POINT(198467.128655702 687781.454562865)
967,102,2020-01-13T08:16:17,01010000005E6850CA916E084182052311C5FA2441,POINT(200146.223786178 687458.533470318),UNS3160K,4250127C57B70,0101000020F707000011B4704FDA6D0741E5722A3995E72441,POINT(191931.288789183 685002.611651984)
968,102,2020-01-13T08:17:04,01010000008A268F8474650841E582AF7E5FF52441,POINT(199854.564726163 686767.747432795),UNS3043I,4250127C576E6,0101000020F7070000C5F4FBBB792D07411CD0455912F12441,POINT(189871.216789162 686217.174360755)
969,102,2020-01-13T08:17:54,0101000000AD347F05015D084108CAB4DB92EF2441,POINT(199584.127684032 686025.429113687),UNS0828V,4250127C5205D,0101000020F7070000A3B91565EE980741043612E95F0C2541,POINT(193309.799357844 689711.955217064)
970,102,2020-01-13T08:21:41,0101000000FB49295A5D380841D12D76593FD52441,POINT(198411.669024065 682655.674729759),UEA2277W,42501275758F8,0101000020F7070000847477E51C740841DCE002E63CB22441,POINT(200323.612044249 678174.44924071)
971,102,2020-01-13T08:30:45,01010000006F9E7D3868EB074192F4D8AD4E982441,POINT(195949.027583349 674855.339545863),UWE0273J,4250127570AB3,0101000020F70700009C22676D7CBE0841986EC08C85972441,POINT(202703.553419371 674754.77490564)
972,102,2020-01-13T08:35:39,01010000009FA07ADF0BB90741A44AC7348E772441,POINT(194337.484120612 670663.103082974),UWE6258V,4250127EEF479,0101000020F707000096B1C1F94DEF0741AEF429CF777B2441,POINT(196073.746951473 671163.904616972)
973,102,2020-01-13T08:41:27,0101000000EB0AFAEE3082074138E172BF685F2441,POINT(192582.116687856 667572.373923338),UWE3636K,4250127398E08,0101000020F7070000A6D3631EBB860741C8230B4564A12441,POINT(192727.389838842 676018.134850615)
974,102,2020-01-13T08:41:38,0101000000860744A9467D0741C0B91FB6BB5E2441,POINT(192424.832649287 667485.855710797),UTN0096K,4250127EE03C0,0101000020F7070000BC45584CA3B80741BCC91CEAB76F2441,POINT(194324.412277741 669659.957250885)
1639,131,2020-01-13T09:02:00,01010000002AF64E77A46A0A41CBE4F7E4BEB72641,POINT(216404.558256076 744415.447203779),UNC4002R,4250127A89C55,0101000020F7070000D3FE53B84360094120CBA4B501CA2641,POINT(207880.465003959 746752.854772899)
1640,131,2020-01-13T09:05:57,0101000000E79E36F16A180A411A087BFDB9BB2641,POINT(213773.367779962 744924.995079282),UNC4242J,4250127A8A5BD,0101000020F7070000B21E4B37D282094187C209FBA0CF2641,POINT(208986.276998749 747472.490308837)
1641,131,2020-01-13T09:06:53,0101000000F7C5759DB3100A415CF75484B8B52641,POINT(213526.451884791 744156.258460741),UNC4390T,4250127A7AB7F,0101000020F70700004275D3A342DB08417F7947A40BB42641,POINT(203624.329993168 743941.820857808)
1642,131,2020-01-13T09:09:50,0101000000E88634C360E209412F7D3B0A61A62641,POINT(212044.095315031 742192.519985115),UNC0572X,4250127A8165F,0101000020F7070000288C6D8CC14E0941A25C198952D42641,POINT(207320.19356832 748073.267771621)
1643,131,2020-01-13T09:17:45,01010000009B1CEDF1925D094181A9485F928D2641,POINT(207794.368128036 739017.186101243),UNE1823J,4250127A9473F,0101000020F7070000841238A973020A41AB203D2B156F2641,POINT(213070.457626481 735114.584450742)
1644,131,2020-01-13T09:22:58,010100000015E7E2360897094174F0E96CEC6E2641,POINT(209633.02679997 735094.212722315),UNC4066R,4250127A99ED5,0101000020F7070000EB181245FF8C0941AA0D3E6108302641,POINT(209311.908725924 727044.189926555)
1645,131,2020-01-13T09:26:05,0101000000E9356EB809A609417E44E1276C5A2641,POINT(210113.21505396 732470.07789053),UNE4924Y,42501274DE18C,0101000020F7070000AEACCF8DA6D30A41F1C8358724662641,POINT(219764.819243764 733970.264082221)
1646,131,2020-01-13T09:33:35,01010000009BF58FEDA052094157013DE1FD332641,POINT(207444.115997237 727550.939918558),UNC4484I,4250127C6AF30,0101000020F707000067B1DF8FD7650841FF932935DC652641,POINT(199866.945250879 733934.103832841)
1647,131,2020-01-13T09:38:28,010100000066E5FC8C3B0609410DADA4788F1B2641,POINT(204999.443841736 724423.735631378),UNC1815J,4250127A946EF,0101000020F707000006CDBDF2CD3309414ECC460A71262641,POINT(206457.743526079 725816.520071396)
1648,131,2020-01-13T09:42:06,01010000008C17155587FD084147CC849285042641,POINT(204720.916544136 721474.786169418),UNC4305K,4250127A9A82A,0101000020F7070000F233E02938D70941D1ECBA221B3B2641,POINT(211687.020447164 728461.567832375)
1649,131,2020-01-13T09:47:33,0101000000F882D2783CCD08411F4A1CE1EBE22541,POINT(203175.558995269 717173.939668957),UNS1880V,4250127C64975,0101000020F7070000A5524AE64DB208416D23530349B82541,POINT(202313.737446447 711716.506493671)
1650,131,2020-01-13T09:50:44,010100000001420A1B60C00841A1B145B71ACE2541,POINT(202764.013203159 714509.357953597),UNS0483S,4250127C612E0,0101000020F707000071802FA849300941A29AA05406B72541,POINT(206345.207121852 711555.165287812)
1651,131,2020-01-13T09:52:01,0101000000FD0F13E102C108414A0ABA8486C52541,POINT(202784.35989964 713411.259231874),UNS4059V,4250127C69E93,0101000020F7070000D1D9447E5A640841DD02D02561A82541,POINT(199819.31165476 709680.573852624)
1652,131,2020-01-13T09:52:26,01010000005AA9A2374CC108413A6566EFB0C22541,POINT(202793.527165721 713048.46757809),UNS4238J,4250127C6A595,0101000020F70700002C7BA49BBCE90741DE2469B27BD92541,POINT(195895.575997317 715965.848458435)
1653,131,2020-01-13T09:54:31,0101000000207A0BC924BF08415D5A7223CCB42541,POINT(202724.598166422 711270.069231819),UNS4488T,4250127C6AF53,0101000020F7070000E2EB4663BBD90841F866B61B9D952541,POINT(203575.423475116 707278.554125994)
1654,131,2020-01-13T09:56:50,01010000007305FA01F1DB0841417D9B8B55A72541,POINT(203646.125965159 709546.772670664),UNE4280W,4250127C6A736,0101000020F7070000DBD3F7B3D5B3094155EA73BC0EB02541,POINT(210554.712875037 710663.368071864)
1655,131,2020-01-13T09:57:06,01010000004E9A2232DBDD08412073BE5EA4A52541,POINT(203707.399480062 709330.185046766),UNS4415J,4250127C6AC7F,0101000020F7070000A7230DE85C95084182F9DC2708A22541,POINT(201387.613306311 708868.077857778)
1656,131,2020-01-13T09:58:10,010100000052CA990134DA0841B6FE635D8A9E2541,POINT(203590.500781613 708421.182403526),UNS4283T,4250127C6A751,0101000020F70700007EEA785667A508410E8B85E663912541,POINT(201900.917222816 706737.950237604)
1657,131,2020-01-13T10:05:42,0101000000FC5D6D0B98AF0841669308F7B16F2541,POINT(202227.005579695 702424.982487303),UNS6500K,4250127C6FDE8,0101000020F7070000C0C5AA1B020408418BE037B5B0A82541,POINT(196736.263509316 709720.353941934)
1658,131,2020-01-13T10:09:08,01010000006D44495721AB0841B06E5CB8BC582541,POINT(202084.167620215 699486.360080203),UNS0562J,4250127C615FD,0101000020F707000063F8417C86E507419AA156569F902541,POINT(195760.810672703 706639.668629694)
1659,131,2020-01-13T10:09:35,01010000000EE96964A5A908413D2529A5B5552541,POINT(202036.674030133 699098.82257954),UNS4198W,4250127C5A402,0101000020F70700004C3AB41AD5980841CA051F3BB01E2541,POINT(201498.63803907 692056.115471059)
1660,131,2020-01-13T10:13:03,0101000000EEDE7A868E9E084149266DF9203F2541,POINT(201681.815664045 696208.48716087),UNS1844V,4250127C5480D,0101000020F707000073BAF75816BA0841D9E4CE561E4B2541,POINT(202562.793441254 697743.169547225)
1661,131,2020-01-13T10:15:58,0101000000F616F5AE4D8808413624904D902C2541,POINT(200969.710428409 693832.151490337),UNS4949T,4250127C5C155,0101000020F70700005D514C6443A20741028A46CEFE592541,POINT(193608.42397369 699647.402881921)
1662,131,2020-01-13T10:16:52,010100000047A433F1BC8D0841961088A393262541,POINT(201143.61777428 693065.819397467),UNS0934T,4250127C5247F,0101000020F7070000DCC520BD8D54084161014AAB27422541,POINT(199313.717347666 696595.834548991)
1663,131,2020-01-13T10:17:19,0101000000DE0652E99790084171104CEEA2232541,POINT(201234.988925985 692689.465424074),UNS6533I,4250127C5FF3A,0101000020F70700008028169E78940741E140F50A4A242541,POINT(193167.077190701 692773.021402385)
1664,131,2020-01-13T10:19:33,0101000000DBBF6B959394084112422B2ED4142541,POINT(201362.447959422 690794.090173783),UNS3528T,4250127C589D3,0101000020F70700003AE6240DDBE708418D8406DCD3D82441,POINT(204027.381418036 683113.929737227)
1665,131,2020-01-13T10:19:44,0101000000BB2CEEEB3A9408418E28064E94132541,POINT(201351.365200376 690634.152390735),UNS3213R,4250127C57D83,0101000020F7070000411483FCFEC60741F9384FB461DF2441,POINT(194783.873296889 683952.85216692)
1666,131,2020-01-13T10:21:11,0101000000A74C713A538F0841BE6BD510EE092541,POINT(201194.403536414 689399.032878272),UNS3154W,4250127C57B3A,0101000020F707000084C4F11C3E3308418B73A0173FF32441,POINT(198247.76413301 686495.546146022)
1667,131,2020-01-13T10:27:03,01010000008B2ECDEB3E4F0841BD4221D735E62441,POINT(199143.865137447 684826.920175634),UNS3378T,4250127C583F7,0101000020F707000038C72B4EC5850741F51B3B9DFED12441,POINT(192696.663169438 682239.307091592)
1668,131,2020-01-13T10:41:22,0101000000D57BE82E5B5907419704037416AB2441,POINT(191275.397904365 677259.226585525),UWE6552J,4250127EEFFF9,0101000020F70700002DD1EEB58C0B084159574F4B6F742441,POINT(196977.588834414 670263.6470897)
1669,131,2020-01-13T10:44:02,01010000005D5F356C353507411211EA4BB19D2441,POINT(190118.677836175 675544.648270162),UWE3741R,4250127399223,0101000020F7070000BC533BB956A806417931863A00AB2441,POINT(185610.840445189 677248.114305063)
1670,131,2020-01-13T10:44:52,0101000000A22DDAB089360741697638C525982441,POINT(190161.211353642 674834.8851964),UWI6194I,4250127D0F1FC,0101000020F7070000129D73F8A4D5064158F3D278975F2441,POINT(187060.621314265 667595.735984425)
1671,131,2020-01-13T10:48:02,0101000000AF02FB2E4C3807417C00E802EE822441,POINT(190217.522939702 672119.005676284),UTN0083S,4250127390340,0101000020F707000036183BCD0E35074128FE6CA4809E2441,POINT(190113.85021037 675648.321144049)
1672,132,2020-01-13T08:06:00,01010000002AF64E77A46A0A41CBE4F7E4BEB72641,POINT(216404.558256076 744415.447203779),UNC0572T,4250127A8165B,0101000020F7070000288C6D8CC14E0941A25C198952D42641,POINT(207320.19356832 748073.267771621)
1673,132,2020-01-13T08:13:13,01010000008E036D8E5F100A4108C3E32C73B52641,POINT(213515.944543865 744121.587675185),UNN0475X,4250127A91295,0101000020F70700009AC4DAC6BC050A414C62228FDC872641,POINT(213175.597096954 738286.279559204)
1674,132,2020-01-13T08:14:14,0101000000B4C84BDA470A0A4119C4CD9F15B12641,POINT(213320.981589859 743562.812116745),UNC0427R,4250127A710AF,0101000020F70700009B10D90EA41309415FD7CB16519F2641,POINT(205428.507249956 741288.544523936)
1675,132,2020-01-13T08:17:39,010100000016C90D51B1DF0941ED5A2EA7EAA52641,POINT(211958.164577075 742133.326525537),UNE1819K,42501274D470E,0101000020F70700006393F9A795E20A41C352B50611872641,POINT(220242.707018997 738184.513102137)
1676,132,2020-01-13T08:20:42,0101000000ECD3A87A6FAC09419319953DDBA02641,POINT(210317.934892326 741485.620278167),UNN4870V,4250127AABE41,0101000020F70700006CC3D7045AA2094118DAECE162BC2641,POINT(209995.252364661 745009.441260162)
1677,132,2020-01-13T08:23:54,01010000001429E1067277094123EE9366EB9B2641,POINT(208622.253359147 740853.700347368),UNN4455X,4250127AAAE0D,0101000020F7070000B7817CBC579D0941170E8182E5B32641,POINT(209834.967034353 743922.754890862)
1678,132,2020-01-13T08:24:21,01010000003D040CF9C17009410EBFA504B69A2641,POINT(208408.246604951 740699.009077044),UNC4268J,4250127A7A6C1,0101000020F7070000877F8E1F2E750841394912E701BF2641,POINT(200357.765408512 745344.951311386)
1679,132,2020-01-13T08:26:34,01010000006C6F0B58444C0941475E9E0B38962641,POINT(207240.542990561 740124.022692629),UNC0541J,4250127A7152B,0101000020F7070000D38E0EDEF0AD084188AC91BBDCBB2641,POINT(202174.108426205 744942.366345779)
1680,132,2020-01-13T08:34:23,010100000073C66F3B968D09419321AB8D44792641,POINT(209330.779021788 736418.276696252),UNC4484R,4250127C6AF29,0101000020F707000067B1DF8FD7650841FF932935DC652641,POINT(199866.945250879 733934.103832841)
1681,132,2020-01-13T08:50:39,01010000009E9F475CFC6509412E118E1142392641,POINT(208063.545058486 728225.034287011),UNE4409R,42501274DAC3B,0101000020F7070000282B4BFA5F850A4166B2092EDD3B2641,POINT(217259.997213685 728558.589917731)
1682,132,2020-01-13T09:05:40,010100000050E8E358BBFA0841AD01AAD138002641,POINT(204631.418403449 720924.409500172),UIN4992V,4250127A9C305,0101000020F7070000C0B35668A292094176638B327E402641,POINT(209492.300946621 729151.0987197)
1683,132,2020-01-13T09:16:13,0101000000448B5AE045C00841D8BF414F41D32541,POINT(202760.734547699 715168.654798503),UNS4291W,4250127C6A7A4,0101000020F7070000B2090D7B82D308411C505764F6E82541,POINT(203376.310083462 717947.195978645)
1684,132,2020-01-13T09:47:05,01010000004514813C7D9C0841FC333284634C2541,POINT(201615.654543074 697905.758195519),UNS4488K,4250127C6AF50,0101000020F7070000E2EB4663BBD90841F866B61B9D952541,POINT(203575.423475116 707278.554125994)
1685,132,2020-01-13T09:50:36,0101000000A1F13084679C08414E83075E633C2541,POINT(201612.939546478 695857.683651069),UNS6533V,4250127C5FF37,0101000020F70700008028169E78940741E140F50A4A242541,POINT(193167.077190701 692773.021402385)
1686,132,2020-01-13T09:58:09,01010000008B6C0D9FA39508414B7BC2CC121B2541,POINT(201396.452662323 691593.399921277),UNS3222T,4250127C57DDF,0101000020F707000053EB8333008A084146A21C7FB1362541,POINT(201024.02515396 695128.748265334)
1687,132,2020-01-13T10:05:07,01010000001AA84ABB75730841BA31FB430DFD2441,POINT(200302.71645099 687750.632775835),UNS3158X,4250127C57B63,0101000020F7070000A2AE3D7CE8E707410A28C4EBB8162541,POINT(195837.060664524 691036.46048093)
1688,132,2020-01-13T10:05:11,01010000005E468650EA7208412E9D839DD0FC2441,POINT(200285.289318609 687720.30764476),UNS3604J,4250127C58CD1,0101000020F7070000057ADAF962C207416836CE0CCECB2441,POINT(194636.371998742 681447.025010777)
1689,132,2020-01-13T10:13:32,0101000000CDF7A249323E08412FEA90F0DCD82441,POINT(198598.285955368 683118.469855612),UWI0347V,4250127390D93,0101000020F70700004ACA03A65E9A07414089E467E5962441,POINT(193355.831061917 674674.702915467)
1690,132,2020-01-13T10:25:28,010100000088B428C0E89E0741AEEB912C1CC02441,POINT(193501.093827639 679950.087050786),UWE3115R,42501273979AF,0101000020F7070000EE679C5F9E3B07416BEEF22D2BA52441,POINT(190323.796685039 676501.589744044)
1691,132,2020-01-13T10:26:26,0101000000EE366DEB2B94074194AC0CC2A2BC2441,POINT(193157.489954404 679505.379002946),UWE3252V,4250127397F0D,0101000020F70700007058D0F09B0E07415035E9BA027B2441,POINT(188883.492584887 671105.365060488)
1692,132,2020-01-13T10:32:34,0101000000880A3820AD4B0741B7D189AA3DA72441,POINT(190837.64073189 676766.833082727),UWE3676R,4250127398F99,0101000020F7070000F222D60A164A0741EF4FE6A26B8D2441,POINT(190786.755291245 673461.818163393)
1693,132,2020-01-13T10:39:50,0101000000B9A50DDBDEF70641216BC4FB0B8E2441,POINT(188155.856959624 673541.991732929),UWE3675V,4250127D18F93,0101000020F7070000F9A900ACEA600641F9F3EC949D502441,POINT(183325.333985641 665678.790870308)
1694,132,2020-01-13T10:48:12,010100000026A0660145BD0641E7AB0AE2A8702441,POINT(186280.625684024 669780.441487667),UWI0276S,4250127BB0ACA,0101000020F7070000A9EA39EA451A0641A2A5A81AEE472441,POINT(181064.73936828 664567.052067925)
1695,132,2020-01-13T10:56:21,010100000070CE88527F610641A1F83106255C2441,POINT(183343.9153 667154.5121),UWI6390R,4250127CFF99D,0101000020F70700005204DD6D1D0406419865214CA87F2441,POINT(180355.678644212 671700.148692298)
1696,133,2020-01-13T09:18:00,01010000002AF64E77A46A0A41CBE4F7E4BEB72641,POINT(216404.558256076 744415.447203779),UNC0525X,4250127A81489,0101000020F7070000CB3B2739BB420941A602971EDECE2641,POINT(206935.402906863 747375.059745868)
1697,133,2020-01-13T09:21:44,010100000029217E78C5190A41647719BB9FBC2641,POINT(213816.683834323 745039.865428668),UIN0482V,4250127A812D9,0101000020F70700000D525ADC470C0941D6544C403FCB2641,POINT(205192.982594148 746911.625582362)
1698,133,2020-01-13T09:27:01,0101000000084FF0C640C309413F64D1E0E9A12641,POINT(211048.09713804 741620.939097531),UNN4004X,4250127AA9C6F,0101000020F707000015FD4D3C50290A41716007AEECC82641,POINT(214314.029445626 746614.33990003)
1699,133,2020-01-13T09:31:16,010100000078FE70583A590941DC0146C4C9972641,POINT(207655.293184269 740324.883346613),UNC4941R,4250127A7C103,0101000020F7070000EAD812BD40340941F31108E745B42641,POINT(206472.092321105 743970.951233445)
1700,133,2020-01-13T09:31:51,010100000003E1593E084B09416EA66D39FD952641,POINT(207201.030444868 740094.612164689),UNE4436L,4250127A9DFB9,0101000020F7070000DE80C5C5E3DF0941212D4675D0722641,POINT(211964.471568114 735592.229051028)
1701,133,2020-01-13T09:39:25,010100000027CB4B21149B0941216D536977692641,POINT(209762.516257846 734395.705714617),UNC0427T,4250127A710B1,0101000020F70700009B10D90EA41309415FD7CB16519F2641,POINT(205428.507249956 741288.544523936)
1702,133,2020-01-13T09:40:08,01010000009BE8B692109E0941CB0BE82E8C642641,POINT(209858.071637933 733766.091614121),UIN0767R,4250127A91DF7,0101000020F7070000708FE1C3A5AD0941EFFCEC1DD64B2641,POINT(210356.720645066 730603.0584487)
1703,133,2020-01-13T09:46:19,0101000000B2E370D24A8C0941B813C994E73E2641,POINT(209289.352754382 728947.790596596),UNE0882K,4250127A92274,0101000020F707000048B0F0AA7C600A4134866DE75F632641,POINT(216079.58346689 733615.952007479)
1704,133,2020-01-13T09:48:18,0101000000AB0A33E352600941F8A34D9769372641,POINT(207882.360937198 727988.795514225),UIN4712R,4250127A9B811,0101000020F707000032ECDF655FA30941EC9F2B45C4472641,POINT(210027.924743505 730082.135098455)
1705,133,2020-01-13T09:58:15,0101000000E671E81A2DF908418F8DD80DD2FE2541,POINT(204581.638138666 720745.027042793),UNS4155W,4250127C6A254,0101000020F7070000212081AD841809419BCB208E7FBA2541,POINT(205584.584718944 711999.777593959)
1706,133,2020-01-13T09:58:51,0101000000BF83A469C8F40841EC4127B3D2FA2541,POINT(204441.051583318 720233.349908886),UNC4370T,4250127C6AAB7,0101000020F70700007D24F7FCDBE80741E12D8314EFF82541,POINT(195867.498518262 719991.540063318)
1707,133,2020-01-13T10:02:57,0101000000BFD1FB3B4CCD0841AB3D70097CE12541,POINT(203177.529288901 716990.018434455),UNS1711T,4250127C642D9,0101000020F707000072C66738E3BB08416418FF992AA82541,POINT(202620.402541685 709653.300774348)
1708,133,2020-01-13T10:05:28,0101000000A02284305CC0084143908310E8D02541,POINT(202763.523689528 714868.03225375),UNS4238T,4250127C6A58F,0101000020F70700002C7BA49BBCE90741DE2469B27BD92541,POINT(195895.575997317 715965.848458435)
1709,133,2020-01-13T10:07:41,01010000004910469547C1084158C40EF9C2C12541,POINT(202792.947887542 712929.486440788),UNC4061X,4250127C69EA9,0101000020F7070000FF92EFC473DB07411E2B9E024EC52541,POINT(195438.471160077 713383.005112979)
1710,133,2020-01-13T10:09:57,0101000000CBB3954E37C00841CFBA11CD51B22541,POINT(202758.913371472 710952.900525892),UNS0562R,4250127C615F5,0101000020F707000063F8417C86E507419AA156569F902541,POINT(195760.810672703 706639.668629694)
1711,133,2020-01-13T10:18:09,01010000009742EDE98CBD084180C4B1AC2C7F2541,POINT(202673.614222069 704406.337293759),UNS4094V,4250127C59FF1,0101000020F7070000A198ED37F2DD07417F788FEC43592541,POINT(195518.277308648 699553.962032094)
1712,133,2020-01-13T10:20:00,010100000048AA6B3487AE08419AC5AF5D9F732541,POINT(202192.90059598 702927.682981658),UNS4060T,4250127C69E9B,0101000020F7070000AFEBAA5BCAEC07416375E76F67A72541,POINT(195993.294759599 709555.718562764)
1713,133,2020-01-13T10:20:15,0101000000BCB4790104AF08417DCB2FE5E6712541,POINT(202208.500720417 702707.447630271),UNE4968X,4250127C5C217,0101000020F70700000BFD50DAC6440841B3854464124F2541,POINT(198808.856599786 698249.195835283)
1714,133,2020-01-13T10:25:32,0101000000E94D339F399F0841B15DC0F0494E2541,POINT(201703.202734574 698148.970217636),UNS4949I,4250127C5C15A,0101000020F70700005D514C6443A20741028A46CEFE592541,POINT(193608.42397369 699647.402881921)
1715,133,2020-01-13T10:25:44,01010000007F8A5A53679D08412C684DC80A4D2541,POINT(201644.915700037 697989.391215568),UNE4968V,4250127C5C215,0101000020F70700000BFD50DAC6440841B3854464124F2541,POINT(198808.856599786 698249.195835283)
1716,133,2020-01-13T10:26:59,0101000000FE154BC0999C0841E819A29B99442541,POINT(201619.218893215 696908.803971109),UNS4289J,4250127C5A793,0101000020F7070000AF65395E309C0741FDE5EAE1B3632541,POINT(193414.046007914 700889.941245258)
1717,133,2020-01-13T10:30:50,010100000003B83D8B2689084164C4C63B502B2541,POINT(200996.817988813 693672.116750848),UNS3001R,4250127C5753B,0101000020F707000086DFEF1C1F700841C160766D8DEA2441,POINT(200195.889129397 685382.713793777)
1718,133,2020-01-13T10:33:15,0101000000E4CB5084A1950841BC3520362A1B2541,POINT(201396.189607232 691605.105714492),UNS6506W,4250127C5FE2A,0101000020F70700008D05467D8492074180CDD32445122541,POINT(193104.561168712 690466.571928427)
1719,133,2020-01-13T10:37:17,010100000056913CC9217D0841AA5727D4BC002541,POINT(200612.223260055 688222.414362659),UNS3154K,4250127C57B34,0101000020F707000084C4F11C3E3308418B73A0173FF32441,POINT(198247.76413301 686495.546146022)
1720,133,2020-01-13T10:44:44,0101000000D2C2306B863208416A73940D9BD12441,POINT(198224.802339098 682189.526523215),UWE3550T,4250127398AAF,0101000020F7070000244D1A05949907414CB01B18E89F2441,POINT(193330.502491572 675828.047086248)
1721,133,2020-01-13T10:54:40,0101000000BAB5333565680741116CFC3329B02441,POINT(191756.650977535 677908.601535203),UWE0779V,4250127931E73,0101000020F707000048D8B80A72A50641A00D4EB0FB982441,POINT(185518.255235376 674941.844345499)
1722,133,2020-01-13T10:55:48,01010000006648BFE4F1550741C0480F1D05AA2441,POINT(191166.236692968 677122.556757234),UTN0211S,4250127390840,0101000020F7070000677CE1AA42170741A66B303F199C2441,POINT(189160.333437893 675340.623416294)
1723,133,2020-01-13T11:06:36,01010000003B37899372C00641B313057AE6712441,POINT(186382.322039062 669939.238319984),UWI6308W,4250127CFF66E,0101000020F707000090E432BF0C220641644B94AFF04E2441,POINT(181313.593358789 665464.342928272)
1724,133,2020-01-13T11:15:00,0101000000E1881BFB1D8906418A3C28FCE73A2441,POINT(184611.747611112 662899.99249448),UTC0195K,4250127CF079E,0101000020F7070000CE2E47585A180641C5026F5F8C512441,POINT(181003.29310452 665798.18639382)
1725,133,2020-01-13T11:19:53,01010000007E69F1CCD36706411F3CCE1B691B2441,POINT(183546.475069832 658868.554307822),UWI6443V,4250127BBFBB3,0101000020F7070000C4E7F25C1FB70541F009437550352441,POINT(177891.92038518 662184.229027091)
1726,133,2020-01-13T11:28:50,010100000061DEB327FAB00641B2BC69BD76E72341,POINT(185887.269386041 652219.369947335),UWE3292V,425012744809D,0101000020F70700001B7A6DA7941906412D154B7B04DF2341,POINT(181042.58175178 651138.240807211)
1761,135,2020-01-13T09:28:00,01010000002AF64E77A46A0A41CBE4F7E4BEB72641,POINT(216404.558256076 744415.447203779),UNC4261R,4250127A8A673,0101000020F707000041B11A1A4468094113F0069ED6DF2641,POINT(208136.512746224 749547.308646681)
1762,135,2020-01-13T09:31:48,0101000000BA2E8A677D0B0A41C73F78E8CAB12641,POINT(213359.675556531 743653.454042428),UNN4004X,4250127AA9C6F,0101000020F707000015FD4D3C50290A41716007AEECC82641,POINT(214314.029445626 746614.33990003)
1763,135,2020-01-13T09:32:28,01010000008CC3F4402BFE0941F472C63E3AAC2641,POINT(212933.40671685 742941.122607796),UNN4852V,4250127A7BD8D,0101000020F70700000874FB3D7F9D0941902EFB3333902641,POINT(209839.905264765 739353.601525741)
1764,135,2020-01-13T09:35:06,01010000001AD47C4208A60941C944B9AFC7A02641,POINT(210113.032464654 741475.843210363),UNN4852I,4250127A7BD90,0101000020F70700000874FB3D7F9D0941902EFB3333902641,POINT(209839.905264765 739353.601525741)
1765,135,2020-01-13T09:40:41,0101000000D59D668E1D8309419FE26B3A1E7F2641,POINT(208995.694531663 737167.114104349),UNC4328W,4250127A7A916,0101000020F7070000D425C0BB831C0941CFCBCDD86DAF2641,POINT(205712.466675087 743350.9234451)
1766,135,2020-01-13T09:42:40,0101000000CB5B31B848980941207F4DCF016D2641,POINT(209673.089937894 734848.904888127),UIN0719S,4250127A91C18,0101000020F707000068E2A777139E0941865E01CC91422641,POINT(209858.433425683 729416.898447946)
1767,135,2020-01-13T09:47:54,0101000000678F3B44708C094129C508DDEF3E2641,POINT(209294.033316727 728951.931707536),UNC1815J,4250127A946EF,0101000020F707000006CDBDF2CD3309414ECC460A71262641,POINT(206457.743526079 725816.520071396)
1768,135,2020-01-13T09:54:42,010100000001A2E4662CD308412EF636CD83162641,POINT(203365.55024077 723777.900809949),UIN0759R,4250127A91DA7,0101000020F70700003AB045614DDB0941EAFCE02E00342641,POINT(211817.672496201 727552.091560272)
1769,135,2020-01-13T09:56:22,01010000006AAEA5C4D29808410D818ED4D5102641,POINT(201498.346019137 723050.91514972),UIN4959W,4250127C6C1BC,0101000020F7070000D48D56BF2ED3074194BEF47ED8FC2541,POINT(195173.843426807 720492.247961002)
1770,135,2020-01-13T09:59:48,0101000000797BDD78452908413BBDC75A9B002641,POINT(197928.684016194 720973.677305139),UNC4216J,4250127C6A4B9,0101000020F70700006E64D181E953084155148029E53A2641,POINT(199293.188387665 728434.581055293)
1771,135,2020-01-13T10:06:28,0101000000663FD97047AA07411959EB5314E22541,POINT(193864.930101867 717066.163904938),UNS1881I,4250127C64982,0101000020F7070000C85D2ED870650841AA4BA392B7C22541,POINT(199854.105557187 713051.786402096)
1772,135,2020-01-13T10:10:00,01010000008E7665DA2BA60741BDBD6E9836C02541,POINT(193733.481638838 712731.297719888),UNS1880J,4250127C64979,0101000020F7070000A5524AE64DB208416D23530349B82541,POINT(202313.737446447 711716.506493671)
1773,135,2020-01-13T10:10:35,0101000000F334218860A007411F46968EA9BA2541,POINT(193548.066469587 712020.778490249),UNC4428R,4250127C6ACF9,0101000020F7070000F092198CE7E7074103ADC4DC0CF12541,POINT(195836.943408153 718982.431188017)
1774,135,2020-01-13T10:12:13,01010000002E4066C9938B07413951EA3EC5AB2541,POINT(192882.473339559 710114.622881449),UNS4518K,4250127C6B07C,0101000020F70700005A785D9DBDE507412C1BA0154E882541,POINT(195767.701838436 705575.042237138)
1775,135,2020-01-13T10:22:46,0101000000624A668119E506413BD2254252522541,POINT(187555.188183385 698665.129194803),UNS4263W,4250127C5A68C,0101000020F7070000FC3EA667090307417B859769A1652541,POINT(188513.175610058 701136.706234142)
1776,135,2020-01-13T10:24:02,010100000050C686CF83DD0641924FBD362B462541,POINT(187312.476331281 697109.606913077),UNS0248T,4250127C509B3,0101000020F7070000F297D1BD4D070741FE54BB1CC3112541,POINT(188649.717684924 690401.55611673)
1777,135,2020-01-13T10:28:37,0101000000053B63EF6FEA0641957198DB17202541,POINT(187725.991888486 692235.928897428),UNS0805L,4250127C5E1AB,0101000020F7070000107E1438FE140741E460366B501E2541,POINT(189087.777382836 692008.20939925)
1778,135,2020-01-13T10:39:07,0101000000157DEA7E82910641DAC5BD5E49C42441,POINT(184880.311970689 680484.685041602),UTN0174X,42501273906D3,0101000020F707000031C8ADE18FCB0641E2FB9C8024A02441,POINT(186737.985194744 675858.251197692)
1779,135,2020-01-13T10:44:50,01010000007D2105CBD74F06411A032FE290902441,POINT(182778.97413088 673864.441764924),UWE3124K,4250127EE7A08,0101000020F7070000F9851AF62A060741172C91F7C46B2441,POINT(188613.370167777 669154.483529451)
1780,137,2020-01-13T07:04:00,01010000002AF64E77A46A0A41CBE4F7E4BEB72641,POINT(216404.558256076 744415.447203779),UNC4941I,4250127A7C10A,0101000020F7070000EAD812BD40340941F31108E745B42641,POINT(206472.092321105 743970.951233445)
1781,137,2020-01-13T07:13:38,0101000000E859BD95FCF109415AAAE22D2FA92641,POINT(212543.573115065 742551.589619945),UIN4502S,4250127A8AFDE,0101000020F70700002BFC6BB9567D094170268EE9A6E12641,POINT(208810.840537996 749779.456162645)
1782,137,2020-01-13T07:18:55,01010000000DC0D16942920941744096182CA02641,POINT(209480.301669598 741398.04802133),UNC4386T,4250127A8AB57,0101000020F7070000972DD084470909412FA9AAA156BE2641,POINT(205096.939850193 745259.315755164)
1783,137,2020-01-13T07:23:42,0101000000F64E90862C420941FB4D0A82D1932641,POINT(206917.565704934 739816.753984868),UNC4354T,4250127A7AA17,0101000020F707000066CA213C089E084129FAD3C092AD2641,POINT(201665.029361325 743113.376617258)
1784,137,2020-01-13T07:33:37,01010000009EA18A17E8BA08413F1A952FE2A12641,POINT(202589.011494887 741617.092934437),UNC0516W,4250127A7142E,0101000020F7070000FB212462084608411A0CC8FD2BBC2641,POINT(198849.04792048 744981.995666865)
1785,137,2020-01-13T07:34:27,0101000000E5E61964A1AD08416C118BF384A22641,POINT(202164.173877529 741698.47567038),UMN4631T,4250127A7B4E9,0101000020F70700006985DEC9A3900841EF417F6DB7B72641,POINT(201236.473568957 744411.713861523)
1786,137,2020-01-13T07:49:59,0101000000A835CDBB0B3F09415C8FC23546722641,POINT(206817.4667 735523.105),UNC4328X,4250127A7A917,0101000020F7070000D425C0BB831C0941CFCBCDD86DAF2641,POINT(205712.466675087 743350.9234451)
1795,139,2020-01-13T09:18:00,01010000002AF64E77A46A0A41CBE4F7E4BEB72641,POINT(216404.558256076 744415.447203779),UMN4833W,42501274DBCD0,0101000020F7070000A8AB755043720B418EBB55573DC62641,POINT(224840.414286939 746270.670575963)
1796,139,2020-01-13T09:33:35,01010000008398BBD27D480A41CEEB39880D2A2741,POINT(215311.727896873 759046.766066903),UNC1810J,42501273046BD,0101000020F70700001359813C90190A4114FA7E53F25F2741,POINT(213810.029543587 765945.163078132)
1797,139,2020-01-13T09:38:58,0101000000C74F390B4C2D0A41F0A18150CC552741,POINT(214441.505480407 764646.157239018),UIN4671T,425012730B679,0101000020F7070000ED5F5576E7CC0A41D7AADB4D7A1D2741,POINT(219548.932780027 757437.152066554)
1798,139,2020-01-13T09:40:54,010100000012A79D42CC160A415549E89011662741,POINT(213721.532527261 766728.783022205),UNC1810T,42501273046B7,0101000020F70700001359813C90190A4114FA7E53F25F2741,POINT(213810.029543587 765945.163078132)
1799,139,2020-01-13T09:41:30,0101000000DBFDCCDE74190A418691AF4C886B2741,POINT(213806.608789428 767428.149776981),UMN4692R,42501272FB749,0101000020F7070000DBAF7BB13E6F0A4115664034A1B52741,POINT(216551.836661695 776912.602053824)
1800,139,2020-01-13T09:43:26,0101000000FA17852C05150A41C628D782CB7C2741,POINT(213664.646738231 769637.755547785),UNC4384J,425012731AB49,0101000020F70700009DE4604FC8E20A4191D774596FAE2741,POINT(220249.038759028 775991.674719559)
1801,139,2020-01-13T09:47:20,0101000000D9CD3B07112E0A415F0EC583FF9D2741,POINT(214466.128532036 773887.757362794),UNC4048K,42501272F9E20,0101000020F70700001D5586D907280A4116CE88816BA92741,POINT(214272.98121325 775349.752996864)
1836,147,2020-01-13T08:55:00,01010000000D617E9015410841B335834081B52641,POINT(198690.695553549 744128.626001051),UNC4103V,4250127A8A04B,0101000020F7070000817D64C64929094171799862D2D12641,POINT(206121.221871357 747753.192569537)
1837,147,2020-01-13T08:59:11,010100000015E0DC8F580808417A692FD731A62641,POINT(196875.070245505 742168.9202836),UNC0554W,4250127A715AA,0101000020F70700002B889876037A0841EC136A7F60AC2641,POINT(200512.432908119 742960.248856185)
1838,147,2020-01-13T09:03:16,0101000000F7726F5F3110084181A3FE5C0A892641,POINT(197126.171599291 738437.181630239),UNC0568W,4250127A71636,0101000020F7070000DFB15FEC9AF10741FD573C47A2CD2641,POINT(196147.365416898 747217.139132261)
1839,147,2020-01-13T09:07:44,010100000000EF919BA9180841DD2F5A3222692641,POINT(197397.20096194 734353.098344322),UNC4337X,4250127A7A971,0101000020F70700006B51F72AACF60741D77C3C8CDD982641,POINT(196309.520979534 740462.773898984)
1840,147,2020-01-13T09:08:24,010100000032CDE6D03A150841F01ED5AA60642641,POINT(197287.352002719 733744.333657233),UIN4617R,4250127A7B45B,0101000020F7070000F1AE4F3B3B3A0841CBB595A52CB12641,POINT(198471.403960578 743574.323407823)
1841,147,2020-01-13T09:09:27,01010000006A0B8B52BC0A08417E612FCB345D2641,POINT(196951.540304269 732826.396845862),UNC4116R,4250127A7A0C9,0101000020F7070000DEC1184CFF4D084107C6ED4502A02641,POINT(199103.912156596 741377.136579693)
1842,147,2020-01-13T09:09:57,0101000000CA87B71E4206084179EE7CB4B6592641,POINT(196808.264998494 732379.352515652),UNC4337V,4250127A7A96F,0101000020F70700006B51F72AACF60741D77C3C8CDD982641,POINT(196309.520979534 740462.773898984)
1843,147,2020-01-13T09:11:06,0101000000B92168BE52020841B159307E65512641,POINT(196682.342972053 731314.746462634),UNC4216X,4250127C6A4B7,0101000020F70700006E64D181E953084155148029E53A2641,POINT(199293.188387665 728434.581055293)
1847,149,2020-01-13T08:07:00,01010000002AF64E77A46A0A41CBE4F7E4BEB72641,POINT(216404.558256076 744415.447203779),UIN0793S,4250127A71EFC,0101000020F7070000A74EDC4D3FB509418F154E03FE972641,POINT(210599.913017859 740351.00645511)
1848,149,2020-01-13T08:15:06,010100000011C80ECEAA3E0A41A8D70AB8FAD92641,POINT(214997.350614131 748797.359457721),UIN0793T,4250127A71EFD,0101000020F7070000A74EDC4D3FB509418F154E03FE972641,POINT(210599.913017859 740351.00645511)
1849,149,2020-01-13T08:20:26,010100000071BC05F96C6E0A416448D400CBF42641,POINT(216525.621592972 752229.501619589),UNC0537K,4250127A814FA,0101000020F7070000772C190B535B094112603D6D5FD12641,POINT(207722.380419109 747695.713358881)
1850,149,2020-01-13T08:25:00,0101000000832538B4C9880A415A0F85B5A40C2741,POINT(217369.212997716 755282.354530792),UNC4029R,4250127309D63,0101000020F70700005FE28953720B0B4186922EB494312741,POINT(221550.290790337 760010.351917819)
1851,149,2020-01-13T08:31:06,010100000035BF55133F410A417A32AE0871222741,POINT(215079.884440893 758072.516954019),UNC4029I,4250127309D6A,0101000020F70700005FE28953720B0B4186922EB494312741,POINT(221550.290790337 760010.351917819)
1852,149,2020-01-13T08:34:14,010100000021CEE9F8444E0A417BA3A784AA332741,POINT(215496.621539698 760277.259091481),UNN4550J,425012730B1C5,0101000020F7070000A884C6E64D3E0B41A99E9DF8602E2741,POINT(223177.737683331 759600.485577543)
1853,149,2020-01-13T08:38:29,01010000001943276A69360A41078564B65F482741,POINT(214733.176832699 762927.856235654),UNC4006K,4250127309C7C,0101000020F707000028595FCC832C0A4152891316654F2741,POINT(214416.474791237 763826.543117801)
1854,149,2020-01-13T08:39:06,0101000000FD8CE237A62B0A41AD89A729AF4A2741,POINT(214388.77728758 763223.581356337),UNC4126I,42501272FA134,0101000020F7070000511F96BAD3AE09415C6EC64BD98C2741,POINT(210394.466106648 771692.647998284)
1855,149,2020-01-13T08:44:00,0101000000090995CF59190A413ECFEBBC7E632741,POINT(213803.226358481 766399.368986584),UNC4876J,42501272FBE81,0101000020F707000087D25BD4C7830941364A5856F96C2741,POINT(209016.978690762 767612.668642348)
1856,149,2020-01-13T08:50:17,0101000000F20B0094A21A0A411B48CB280E862741,POINT(213844.322265714 770823.079675916),UNC0606V,42501272F17B1,0101000020F70700006EEB3F29FF8F09414476EC57ED602741,POINT(209407.895141448 766070.671725937)
1857,149,2020-01-13T08:50:38,0101000000440161F7FD1C0A41B94AE755F1872741,POINT(213919.745790491 771064.667780242),UNC4006W,4250127309C82,0101000020F707000028595FCC832C0A4152891316654F2741,POINT(214416.474791237 763826.543117801)
1858,150,2020-01-13T07:31:00,01010000002AF64E77A46A0A41CBE4F7E4BEB72641,POINT(216404.558256076 744415.447203779),UNN4209R,4250127AAA46B,0101000020F707000016774F1800070A411B18930B2AAC2641,POINT(213216.011870318 742933.022606614)
1859,150,2020-01-13T07:31:42,01010000001A17EDDD6B5E0A4126D2333B77BA2641,POINT(216013.48336237 744763.615629737),UNC4260K,4250127A8A668,0101000020F7070000300B0BB8527B0941A3B3AE951AE92641,POINT(208746.339864814 750733.292348493)
1860,150,2020-01-13T07:40:42,0101000000B46C8FDDBAD70941424E6F098BA42641,POINT(211703.358183717 741957.51842732),UNE4377V,4250127A9AAFF,0101000020F70700003ECDE9655E440A4147795FCD2C6B2641,POINT(215179.799762348 734614.401119032)
1861,150,2020-01-13T07:47:44,01010000005BAB24DF734609413C2C58A5DE942641,POINT(207054.48395666 739951.32293833),UIN0482W,4250127A812DA,0101000020F70700000D525ADC470C0941D6544C403FCB2641,POINT(205192.982594148 746911.625582362)
1862,150,2020-01-13T07:48:27,0101000000C8C63A8B484F0941D04EFE377A912641,POINT(207337.067983201 739517.10936209),UIN0482R,4250127A812D5,0101000020F70700000D525ADC470C0941D6544C403FCB2641,POINT(205192.982594148 746911.625582362)
1863,150,2020-01-13T07:54:51,0101000000DE718A0E58AD0941302AA9D380772641,POINT(210347.0071 736192.4134),UNC4305U,4250127A9DEFD,0101000020F7070000F233E02938D70941D1ECBA221B3B2641,POINT(211687.020447164 728461.567832375)
